home_elo_before,away_elo_before,elo_diff,home_avg_goals_scored,home_avg_goals_conceded,away_avg_goals_scored,away_avg_goals_conceded,h2h_matches,h2h_home_avg_goals,h2h_away_avg_goals,h2h_home_win_rate,home_wc_participations,home_wc_has_experience,away_wc_participations,away_wc_has_experience,is_home_home,is_home_away,is_neutral,lambda_home,lambda_away,prob_home_win,prob_draw,prob_away_win
,,,1.1,1.0,1.5,1.1,0,1.1,1.5,0.33,17,1,3,1,1,0,0,2.9268,0.58052653,0.8423558263240176,0.10709444959492524,0.04730456813214211
,,,1.5,1.2,1.8,1.2,0,1.5,1.8,0.33,11,1,1,1,0,0,1,2.911616,0.64654267,0.8283632053781543,0.11331707101391732,0.05518174998817413
,,,1.1,0.4,2.1,1.1,0,1.1,2.1,0.33,2,1,1,1,1,0,0,2.9705472,0.6164404,0.840049823571085,0.10687984253897323,0.04950014220804882
,,,1.7,1.6,1.0,1.0,1,2.0,1.0,1.0,11,1,8,1,1,0,0,2.979914,0.5128104,0.8598198886339374,0.09797973954437522,0.03855739971561922
,,,0.9,1.9,2.5,0.8,0,0.9,2.5,0.33,1,1,12,1,0,0,1,2.5962567,0.99497443,0.7158746744791225,0.1603192088599279,0.12233242930964011
,,,1.8,0.8,1.8,0.5,1,1.0,2.0,0.0,22,1,6,1,0,0,1,2.391409,0.67697966,0.7541220325139711,0.1583083670117307,0.08672864221910709
,,,1.2,1.1,1.8,1.2,0,1.2,1.8,0.33,1,1,8,1,0,0,1,2.333172,0.88325423,0.6971378820483644,0.1764173882317276,0.1257354388890331
,,,1.5,0.9,2.1,1.4,0,1.5,2.1,0.33,6,1,2,1,0,0,1,2.848401,0.68440926,0.8140871336194393,0.12076342772121525,0.062428159267020666
,,,2.3,1.1,1.6,1.3,0,2.3,1.6,0.33,20,1,0,0,0,0,1,3.4173949,0.639595,0.8730260733532262,0.08154835570212503,0.03687264589576223
,,,2.0,0.7,0.7,0.4,0,2.0,0.7,0.33,3,1,4,1,0,0,1,2.5545404,0.4991575,0.8167683592192544,0.12947425742080557,0.05243723316952441
,,,3.0,0.6,1.8,0.7,0,3.0,1.8,0.33,11,1,7,1,0,0,1,2.941413,0.7034687,0.8207779345233738,0.115477929233712,0.060393062811762536
,,,1.6,1.8,1.4,1.0,0,1.6,1.4,0.33,13,1,6,1,0,0,1,2.8369617,0.7404199,0.8017443459561802,0.12571011834529547,0.06989470432876463
,,,3.5,1.0,1.3,0.8,1,1.0,2.0,0.0,14,1,3,1,0,0,1,2.5421522,0.6568917,0.780895226698291,0.14324797073371934,0.07457936082473217
,,,1.6,0.7,0.9,1.5,0,1.6,0.9,0.33,6,1,2,1,0,0,1,2.6868038,0.49420655,0.8336279510018574,0.11795700215959587,0.046562738230401045
,,,3.1,0.8,1.7,1.0,0,3.1,1.7,0.33,16,1,0,0,0,0,1,3.4492483,0.6382991,0.8752986522297268,0.07978260130543599,0.035873443418364924
,,,0.9,1.3,1.0,0.9,0,0.9,1.0,0.33,6,1,14,1,0,0,1,2.4010348,0.62140775,0.7683179245970844,0.1533466111637023,0.07747089820122215
,,,2.7,1.1,2.5,0.6,0,2.7,2.5,0.33,16,1,3,1,0,0,1,3.727252,0.693737,0.8829768498846925,0.07001458718733448,0.032709392783104696
,,,1.1,0.7,3.1,0.6,0,1.1,3.1,0.33,1,1,3,1,0,0,1,2.7168443,0.8754661,0.7588625910094523,0.14394610468680008,0.09519668100490858
,,,2.5,0.4,2.3,0.5,0,2.5,2.3,0.33,18,1,4,1,0,0,1,3.4352129,0.7021759,0.8646709031813168,0.08495341474175057,0.04154987277094212
,,,2.8,0.5,2.0,1.5,0,2.8,2.0,0.33,7,1,0,0,0,0,1,3.4172595,0.65725756,0.8703238334049325,0.08279733040684882,0.03832795299475199
,,,2.6,1.0,1.2,0.3,0,2.6,1.2,0.33,8,1,1,1,0,0,1,3.084787,0.54219586,0.8637813853143089,0.09352407631835939,0.038154536184753465
,,,1.5,0.7,2.1,1.0,0,1.5,2.1,0.33,0,0,6,1,0,0,1,2.4562635,0.9075659,0.7124752819712805,0.16700005465360823,0.11951338163723063
,,,2.2,0.5,2.9,0.8,0,2.2,2.9,0.33,16,1,6,1,0,0,1,3.5398922,0.7772737,0.8604094234032692,0.0844813438704326,0.0445452094580419
,,,1.5,1.3,1.3,0.8,0,1.5,1.3,0.33,4,1,1,1,0,0,1,2.6390898,0.6698264,0.7912865172354331,0.13600964459035866,0.0710602487417574
,,,1.7777777777777777,1.3333333333333333,1.5555555555555556,1.1111111111111112,0,1.7777777777777777,1.5555555555555556,0.33,2,1,4,1,0,0,1,2.7250783,0.6925712,0.7976362537991158,0.13077443095959565,0.06955463603478944
,,,1.0,0.8888888888888888,1.4444444444444444,1.3333333333333333,1,2.0,2.0,0.0,18,1,12,1,1,0,0,2.7735813,0.69257027,0.8036362775473254,0.12700354206653203,0.06707422373201363
,,,2.3333333333333335,0.6666666666666666,2.2222222222222223,1.2222222222222223,0,2.3333333333333335,2.2222222222222223,0.33,13,1,2,1,0,0,1,3.8090196,0.71845067,0.8834535472629176,0.06794972841384297,0.03239349307322137
,,,1.0,0.4444444444444444,1.0,1.7777777777777777,1,2.0,0.0,1.0,3,1,2,1,1,0,0,2.99854,0.38317546,0.8842644247726659,0.08579868959374858,0.026145707658807728
,,,1.8888888888888888,1.0,1.6666666666666667,0.3333333333333333,0,1.8888888888888888,1.6666666666666667,0.33,9,1,7,1,0,0,1,2.769801,0.6649907,0.8087259931136052,0.12522637415324644,0.06378212050142211
,,,2.0,0.8888888888888888,1.2222222222222223,1.1111111111111112,0,2.0,1.2222222222222223,0.33,23,1,2,1,0,0,1,2.9823482,0.5998904,0.8442457393679565,0.1047863280892845,0.04730584099801769
,,,1.6666666666666667,1.6666666666666667,1.5555555555555556,1.0,1,2.0,1.0,1.0,12,1,7,1,1,0,0,2.9596777,0.6069702,0.8407194098026327,0.10689155475359018,0.04890188690271661
,,,2.111111111111111,1.4444444444444444,0.8888888888888888,1.1111111111111112,0,2.111111111111111,0.8888888888888888,0.33,3,1,9,1,0,0,1,2.8893838,0.7299468,0.8099248447314806,0.12111743424701206,0.06597160667530982
,,,2.4444444444444446,1.0,1.8888888888888888,0.7777777777777778,0,2.4444444444444446,1.8888888888888888,0.33,21,1,4,1,0,0,1,3.0828912,0.66874766,0.841442074791949,0.10335165382638002,0.050683842564231044
,,,0.7777777777777778,0.4444444444444444,1.6666666666666667,1.3333333333333333,0,0.7777777777777778,1.6666666666666667,0.33,5,1,1,1,0,0,1,2.5208213,0.6761605,0.7736574424041353,0.14653531072917306,0.07860077130762391
,,,3.111111111111111,0.6666666666666666,1.5555555555555556,2.0,0,3.111111111111111,1.5555555555555556,0.33,12,1,14,1,0,0,1,3.299565,0.8720521,0.8263340990347284,0.10402403022699888,0.06273528686444117
,,,1.4444444444444444,1.0,2.0,0.6666666666666666,0,1.4444444444444444,2.0,0.33,7,1,8,1,0,0,1,2.544776,0.7344691,0.7643499660014276,0.14861703793984601,0.08574654267546064
,,,3.7777777777777777,1.0,1.5555555555555556,0.7777777777777778,0,3.7777777777777777,1.5555555555555556,0.33,15,1,7,1,0,0,1,3.0338335,0.7179189,0.8277849216895495,0.11019241054917589,0.05793767281892207
,,,0.8888888888888888,1.6666666666666667,1.4444444444444444,0.5555555555555556,1,0.0,1.0,0.0,3,1,4,1,0,0,1,2.184061,0.72985584,0.7067955080826281,0.18198476565622135,0.11077365864023322
,,,2.888888888888889,0.4444444444444444,1.0,1.4444444444444444,0,2.888888888888889,1.0,0.33,17,1,7,1,0,0,1,3.0188189,0.5428128,0.8579447704921154,0.09782768264733596,0.04026967873775276
,,,1.1111111111111112,0.7777777777777778,1.5555555555555556,1.1111111111111112,0,1.1111111111111112,1.5555555555555556,0.33,15,1,1,1,0,0,1,2.7362657,0.6542017,0.8068528088320676,0.12701084056197232,0.06404578684818595
,,,2.5555555555555554,0.6666666666666666,1.1111111111111112,0.7777777777777778,0,2.5555555555555554,1.1111111111111112,0.33,17,1,2,1,0,0,1,3.0411892,0.59224313,0.8511714023578412,0.10026016626335575,0.044420097302768614
,,,3.111111111111111,0.6666666666666666,1.8888888888888888,0.6666666666666666,0,3.111111111111111,1.8888888888888888,0.33,4,1,4,1,0,0,1,2.8302488,0.7184186,0.8052887960040839,0.1246190063712756,0.06748207735675155
,,,2.3333333333333335,0.3333333333333333,2.888888888888889,0.4444444444444444,0,2.3333333333333335,2.888888888888889,0.33,19,1,8,1,0,0,1,3.4941094,0.7443986,0.8622778114452319,0.08469121971831213,0.043256183565510926
,,,2.0,1.3333333333333333,2.0,0.4444444444444444,0,2.0,2.0,0.33,1,1,5,1,0,0,1,2.3994715,0.8393969,0.7184064625619527,0.1680556021344735,0.11267699669362959
,,,2.6666666666666665,1.0,1.4444444444444444,0.5555555555555556,0,2.6666666666666665,1.4444444444444444,0.33,9,1,1,1,0,0,1,3.2221239,0.64036125,0.8585111882367132,0.0925925416653577,0.04293207175799493
,,,2.3333333333333335,1.1111111111111112,1.2222222222222223,0.3333333333333333,0,2.3333333333333335,1.2222222222222223,0.33,7,1,2,1,0,0,1,3.054057,0.5715208,0.8560039841760422,0.0978022554550246,0.04193268189738676
,,,2.3333333333333335,0.5555555555555556,1.5555555555555556,1.2222222222222223,0,2.3333333333333335,1.5555555555555556,0.33,17,1,5,1,0,0,1,3.006058,0.72639585,0.8233644972264601,0.1126801208961437,0.06010298213685914
,,,1.4444444444444444,0.8888888888888888,2.4444444444444446,0.8888888888888888,0,1.4444444444444444,2.4444444444444446,0.33,2,1,7,1,0,0,1,2.967724,0.78859967,0.8075784986440633,0.11972227106634821,0.06915061467755321
,,,1.125,0.5,1.875,0.875,0,1.125,1.875,0.33,18,1,2,1,1,0,0,2.955974,0.5742775,0.8463876898674009,0.10457155665570647,0.04558155741714733
,,,1.75,1.25,1.125,1.5,0,1.75,1.125,0.33,4,1,12,1,0,0,1,2.788639,0.6815662,0.8076577133168817,0.12503199794833889,0.06494151111182746
,,,1.0,0.375,2.125,0.75,0,1.0,2.125,0.33,3,1,13,1,1,0,0,2.4846642,0.72717434,0.7570740010891878,0.15334123317356843,0.08849127413606142
,,,2.375,1.125,0.875,1.75,0,2.375,0.875,0.33,2,1,2,1,0,0,1,3.1765902,0.4963976,0.8787192618276226,0.08429954215482728,0.03152273724250453
,,,1.625,1.125,2.125,1.0,0,1.625,2.125,0.33,9,1,23,1,0,0,1,2.6195672,0.85732156,0.7487846858489546,0.15049225412287626,0.0991589725443168
,,,1.625,0.375,1.25,1.0,0,1.625,1.25,0.33,7,1,2,1,0,0,1,2.628778,0.64261514,0.7956787187689949,0.13480214626186296,0.06791809368005977
,,,1.75,1.625,2.375,1.5,1,1.0,2.0,0.0,12,1,3,1,1,0,0,3.378058,0.68385386,0.8634594374710192,0.0867861924850541,0.04178112670260408
,,,1.0,1.125,1.5,1.0,0,1.0,1.5,0.33,9,1,7,1,0,0,1,2.5132165,0.70520836,0.7661663548081081,0.14929502526541422,0.08335664658425088
,,,1.75,1.25,2.125,0.75,0,1.75,2.125,0.33,1,1,4,1,0,0,1,2.3891668,0.7800418,0.7302049531180264,0.1653871060225656,0.10357230920155543
,,,0.875,0.5,2.75,0.875,0,0.875,2.75,0.33,5,1,21,1,0,0,1,2.6809962,0.9721243,0.7336038792970513,0.1524880051697115,0.11208140280530647
,,,1.5,0.75,1.25,1.875,0,1.5,1.25,0.33,8,1,14,1,0,0,1,2.7527773,0.87458384,0.7639849136416746,0.1411346061986746,0.09270483451832233
,,,1.625,1.0,2.5,0.75,0,1.625,2.5,0.33,7,1,12,1,0,0,1,3.093924,0.8057124,0.8179777705588642,0.11240066741147121,0.0649957618435885
,,,1.375,0.5,1.5,0.625,0,1.375,1.5,0.33,4,1,7,1,0,0,1,2.4211447,0.7212937,0.7486641478274618,0.15863684402951247,0.09178327809410042
,,,0.875,1.625,3.75,0.75,0,0.875,3.75,0.33,3,1,15,1,0,0,1,2.983655,1.0022207,0.7687652547967154,0.1323615682113964,0.09519967037316762
,,,1.625,1.125,1.0,1.625,0,1.625,1.0,0.33,1,1,7,1,0,0,1,2.5205407,0.6185113,0.7862803644197024,0.142221928940469,0.07029216653687312
,,,1.0,0.875,3.0,0.25,0,1.0,3.0,0.33,15,1,17,1,0,0,1,3.110457,0.920879,0.7988074806411595,0.1189231248117665,0.07748511693728483
,,,3.375,0.75,2.625,0.75,0,3.375,2.625,0.33,4,1,17,1,0,0,1,3.3466768,0.8780265,0.8295510409899061,0.10164535450526674,0.061270652417435324
,,,1.75,0.75,1.125,0.875,0,1.75,1.125,0.33,4,1,2,1,0,0,1,2.6149933,0.5475027,0.8140212269051356,0.12837421264060492,0.056059019160216814
,,,2.0,0.5,2.75,0.5,0,2.0,2.75,0.33,5,1,8,1,0,0,1,3.0685334,0.80352205,0.8157373995734699,0.1139191732582137,0.06595248825941766
,,,2.0,1.125,2.5,0.375,0,2.0,2.5,0.33,1,1,19,1,0,0,1,2.8951852,1.0875188,0.7406274568945677,0.1432689315915916,0.11307630339956151
,,,2.5,1.125,2.75,0.875,0,2.5,2.75,0.33,7,1,9,1,0,0,1,3.524335,0.77210337,0.8601415095783129,0.08494805617016862,0.04461976749475025
,,,1.25,0.375,1.625,0.625,0,1.25,1.625,0.33,2,1,1,1,0,0,1,2.4685662,0.68941617,0.7630773613762769,0.15212656320154117,0.08375009823573351
,,,1.5,0.875,2.5,0.25,0,1.5,2.5,0.33,2,1,17,1,0,0,1,3.108667,0.9927103,0.7854455768771456,0.1234935397241856,0.08629343973358566
,,,2.125,0.875,1.25,1.375,0,2.125,1.25,0.33,7,1,5,1,0,0,1,2.924729,0.7660356,0.8070140884813699,0.12116284701066457,0.06859258330702823
